ticker,composite,technical,fundamental,sentiment,analysis_time
LFDR,23.04687705315439,14.046877053154388,9.0,0.0,2025-02-14T17:55:55.472941
ICF,20.870483910297683,0.8704839102976833,10.0,10.0,2025-02-14T17:47:17.409120
ARKG,20.46603002918679,0.4660300291867898,10.0,10.0,2025-02-14T17:21:46.733423
BUYW,18.650011457187333,0.6500114571873308,8.0,10.0,2025-02-14T17:27:25.472278
DDLS,18.43047140619818,2.4304714061981785,8.0,8.0,2025-02-14T17:29:42.536652
BAMG,17.420328880884878,0.42032888088487824,7.0,10.0,2025-02-14T17:23:28.854284
AFIF,17.133585240993895,1.1335852409938938,6.0,10.0,2025-02-14T17:19:44.715423
XBOC,16.362409829445014,0.3624098294450157,6.0,10.0,2025-02-14T18:24:31.436837
SNAV,16.069544902514053,0.06954490251405118,6.0,10.0,2025-02-14T18:16:24.169079
ZJUL,15.436179081182987,0.436179081182987,7.0,8.0,2025-02-14T18:27:54.553351
QCOC,15.034399741974596,1.0343997419745952,6.0,8.0,2025-02-14T18:10:25.108985
BUYZ,14.80945926445845,2.8094592644584506,10.0,2.0,2025-02-14T17:27:39.093373
FLIA,14.78491644650784,1.7849164465078402,6.0,7.0,2025-02-14T17:39:03.474435
PIT,14.620348749528096,1.6203487495280966,7.0,6.0,2025-02-14T18:07:34.635596
XDSQ,14.521431956087152,0.5214319560871523,8.0,6.0,2025-02-14T18:24:59.059582
PBMY,14.462717677222667,1.4627176772226675,7.0,6.0,2025-02-14T18:06:36.380209
OVB,13.989772265046806,0.9897722650468062,7.0,6.0,2025-02-14T18:05:14.537349
QUVU,13.754006542080356,0.7540065420803566,8.0,5.0,2025-02-14T18:11:54.975439
PTLC,13.691621564398533,0.1916215643985332,6.0,7.5,2025-02-14T18:09:41.575612
NFLU,12.966189195344338,2.966189195344337,10.0,0.0,2025-02-14T18:01:47.046924
DWAT,12.87814486812746,0.5781448681274604,2.3,10.0,2025-02-14T17:32:19.283611
TLTI,12.803993737716638,0.3039937377166382,6.0,6.5,2025-02-14T18:18:21.570766
FPFD,12.771813801147612,0.7718138011476121,10.0,2.0,2025-02-14T17:40:09.672299
VFMV,12.499409203056095,2.499409203056095,10.0,0.0,2025-02-14T18:22:06.695407
BUFG,12.430658995488233,0.4306589954882334,10.0,2.0,2025-02-14T17:27:09.484730
XJH,12.333201113014734,-1.1667988869852663,7.0,6.5,2025-02-14T18:25:51.381114
SEPZ,12.12688334040788,0.1268833404078812,7.0,5.0,2025-02-14T18:15:05.979475
XDAT,11.80087860293895,1.8008786029389499,10.0,0.0,2025-02-14T18:24:22.565369
MSFY,11.742197951658671,-2.257802048341329,8.0,6.0,2025-02-14T18:00:22.706439
VSGX,11.665799319090999,1.6657993190909992,8.0,2.0,2025-02-14T18:23:00.108972
BKGI,11.659757813606806,1.6597578136068059,10.0,0.0,2025-02-14T17:25:47.346918
BOXX,11.645731893103708,4.645731893103708,7.0,0.0,2025-02-14T17:25:58.539512
OVF,11.580777057851785,1.5807770578517855,10.0,0.0,2025-02-14T18:05:07.715889
ESGG,11.446237823731405,2.4462378237314053,9.0,0.0,2025-02-14T17:34:16.243250
OVS,11.409253147318157,-0.5907468526818427,10.0,2.0,2025-02-14T18:05:27.657780
XMAR,11.340467086528996,1.3404670865289965,10.0,0.0,2025-02-14T18:25:58.153889
FPRO,11.194043035667825,1.1940430356678258,10.0,0.0,2025-02-14T17:40:13.503657
PFEB,11.18454827816588,1.1845482781658787,10.0,0.0,2025-02-14T18:07:26.999786
BFEB,11.089584931885634,1.0895849318856337,10.0,0.0,2025-02-14T17:24:56.092925
FPAG,11.073691991017474,1.073691991017474,10.0,0.0,2025-02-14T17:39:54.037924
LFAW,11.071398295547148,1.0713982955471486,10.0,0.0,2025-02-14T17:55:27.719068
TMAT,11.03953223849362,1.0395322384936208,10.0,0.0,2025-02-14T18:18:25.022090
LIAF,10.927344984208055,0.9273449842080559,10.0,0.0,2025-02-14T17:56:21.784605
QCAP,10.925403396027807,0.9254033960278079,10.0,0.0,2025-02-14T18:10:18.062271
FRDM,10.920100805333195,0.920100805333196,10.0,0.0,2025-02-14T17:40:19.583293
LKOR,10.850725383320178,0.8507253833201788,10.0,0.0,2025-02-14T17:57:41.722441
FHDG,10.75711402377457,0.7571140237745703,0.0,10.0,2025-02-14T17:38:10.133317
FDHT,10.736437646103271,1.7364376461032707,9.0,0.0,2025-02-14T17:36:55.298582
SHAG,10.714525998443655,0.7145259984436557,10.0,0.0,2025-02-14T18:15:03.303312
QMAR,10.702426137994921,0.7024261379949209,10.0,0.0,2025-02-14T18:11:22.113977
KWT,10.688732963650162,2.6887329636501622,8.0,0.0,2025-02-14T17:54:07.255497
FDEM,10.590998250937094,0.5909982509370941,10.0,0.0,2025-02-14T17:36:37.472777
CAOS,10.556186229364314,0.5561862293643145,10.0,0.0,2025-02-14T17:28:17.240420
ARCM,10.553335122550374,3.553335122550374,7.0,0.0,2025-02-14T17:20:48.497845
XTJL,10.526343289458689,0.5263432894586891,10.0,0.0,2025-02-14T18:26:53.317017
EMHY,10.505791813305837,1.505791813305838,9.0,0.0,2025-02-14T17:33:38.886531
USMV,10.439158954104212,2.439158954104212,8.0,0.0,2025-02-14T18:21:16.721494
MSMR,10.429055712942935,0.4290557129429345,10.0,0.0,2025-02-14T18:00:31.734696
NFLP,10.324212551234094,3.3242125512340936,7.0,0.0,2025-02-14T18:01:40.214347
DUBS,10.312530401246999,0.3125304012469982,7.0,3.0,2025-02-14T17:32:09.049587
PNOV,10.291113045157125,0.291113045157126,10.0,0.0,2025-02-14T18:07:54.088771
FLQS,10.273395425101603,0.273395425101603,10.0,0.0,2025-02-14T17:39:08.546173
TGLR,10.258153922009518,0.25815392200951803,10.0,0.0,2025-02-14T18:17:51.769536
ZAUG,10.24298916962129,0.24298916962128914,10.0,0.0,2025-02-14T18:27:49.503554
LAPR,10.199655524151648,4.199655524151649,6.0,0.0,2025-02-14T17:54:24.974132
PWS,10.195708695153732,0.19570869515373202,6.0,4.0,2025-02-14T18:10:02.426332
LVHI,10.189514529839329,2.189514529839329,8.0,0.0,2025-02-14T17:57:53.429284
SECT,10.147388931325544,0.1473889313255441,10.0,0.0,2025-02-14T18:14:08.713084
XDTE,10.134496818799313,0.13449681879931247,10.0,0.0,2025-02-14T18:25:21.871858
OCTZ,10.122392334757096,0.12239233475709667,0.0,10.0,2025-02-14T18:04:21.031345
FSEP,10.110401974258437,0.11040197425843772,10.0,0.0,2025-02-14T17:40:19.482856
OCTU,10.103862425156088,0.10386242515608686,10.0,0.0,2025-02-14T18:04:19.010682
FDVL,10.100069457999746,0.10006945799974538,10.0,0.0,2025-02-14T17:37:26.132246
DECU,10.090987849891135,0.09098784989113468,0.0,10.0,2025-02-14T17:29:49.046805
REM,10.090034173746485,2.090034173746486,8.0,0.0,2025-02-14T18:12:35.394694
QCON,10.087660168339951,1.087660168339952,7.0,2.0,2025-02-14T18:10:29.838649
PICK,10.026829242780527,1.026829242780528,9.0,0.0,2025-02-14T18:07:16.989866
FDGR,9.99462264085273,-0.0053773591472698005,6.0,4.0,2025-02-14T17:36:40.327277
MSTZ,9.957705168541302,0.9577051685413017,9.0,0.0,2025-02-14T18:00:37.481389
TFJL,9.942760364711724,0.9427603647117238,9.0,0.0,2025-02-14T18:17:42.240086
SLVP,9.925380857000514,1.9253808570005142,8.0,0.0,2025-02-14T18:15:38.361009
YSEP,9.917837807570242,1.917837807570242,8.0,0.0,2025-02-14T18:27:42.927990
FLDR,9.892163290014652,2.892163290014652,7.0,0.0,2025-02-14T17:38:59.029668
NVDQ,9.882554542410803,-0.11744545758919599,10.0,0.0,2025-02-14T18:03:32.422035
USMF,9.813682480405884,1.8136824804058846,8.0,0.0,2025-02-14T18:21:08.093748
KJUN,9.799047734606898,-0.20095226539310218,10.0,0.0,2025-02-14T17:53:55.036199
ETQ,9.771614222612591,1.771614222612591,8.0,0.0,2025-02-14T17:34:46.232117
LFAR,9.704555457069091,0.7045554570690911,9.0,0.0,2025-02-14T17:55:33.804037
FLHY,9.687755155542831,0.6877551555428305,9.0,0.0,2025-02-14T17:38:54.630164
NJAN,9.65642389143913,0.6564238914391304,9.0,0.0,2025-02-14T18:01:45.317711
ZECP,9.586857437124001,0.5868574371240008,9.0,0.0,2025-02-14T18:27:40.792705
TRSY,9.586721032061291,2.086721032061292,8.5,-1.0,2025-02-14T18:19:18.676372
EQLT,9.54315284683971,1.5431528468397098,8.0,0.0,2025-02-14T17:33:53.655760
BUFF,9.542942307368389,0.5429423073683892,9.0,0.0,2025-02-14T17:26:55.707924
SNOV,9.493435015481445,-0.5065649845185547,10.0,0.0,2025-02-14T18:16:20.629421
VNM,9.481025140619513,-0.5189748593804865,10.0,0.0,2025-02-14T18:22:49.599339
PJUN,9.458593995496567,0.45859399549656815,6.0,3.0,2025-02-14T18:07:53.003543
BBCA,9.409286825833169,1.4092868258331692,8.0,0.0,2025-02-14T17:23:40.483007
SPCZ,9.366209040221502,3.366209040221503,6.0,0.0,2025-02-14T18:16:32.804635
BGLD,9.303619544533287,3.303619544533287,6.0,0.0,2025-02-14T17:24:48.537658
FYEE,9.284449671879875,0.2844496718798752,7.0,2.0,2025-02-14T17:40:28.189675
STOT,9.275842031025565,2.2758420310255647,7.0,0.0,2025-02-14T18:17:00.599734
FOCT,9.211142522270256,0.21114252227025646,9.0,0.0,2025-02-14T17:40:03.256369
XSHD,9.20142325093175,0.20142325093174981,9.0,0.0,2025-02-14T18:26:42.275945
XIJN,9.173761520373782,2.1737615203737817,7.0,0.0,2025-02-14T18:25:34.019728
XEMD,9.160340710702307,1.160340710702308,8.0,0.0,2025-02-14T18:25:40.357928
PBL,9.15384747524969,0.15384747524968956,7.0,2.0,2025-02-14T18:06:30.139733
EMTL,9.07591883161323,3.0759188316132295,6.0,0.0,2025-02-14T17:33:49.918603
DRAG,9.026173789937067,2.0261737899370673,7.0,0.0,2025-02-14T17:31:16.351805
SPIN,9.0,0.0,0.0,9.0,2025-02-14T18:17:21.460939
OVT,8.87483905879368,0.8748390587936804,10.0,-2.0,2025-02-14T18:05:29.609850
VUSB,8.874708695770101,2.8747086957701016,6.0,0.0,2025-02-14T18:23:01.119119
RVRB,8.873211791468002,0.3732117914680025,7.0,1.5,2025-02-14T18:14:02.431742
LIAB,8.855378824843854,0.8553788248438543,6.0,2.0,2025-02-14T17:56:00.044646
QIG,8.826320505307415,0.8263205053074145,8.0,0.0,2025-02-14T18:10:48.204587
ROIS,8.824864293560136,1.8248642935601367,7.0,0.0,2025-02-14T18:12:54.005361
QTJA,8.811087134413889,0.8110871344138894,8.0,0.0,2025-02-14T18:11:43.686998
OCTH,8.796679496286954,0.7966794962869536,8.0,0.0,2025-02-14T18:04:07.887108
FFOG,8.767581552698067,-0.23241844730193292,9.0,0.0,2025-02-14T17:37:56.308353
RULE,8.76193924736843,-0.23806075263157,9.0,0.0,2025-02-14T18:13:49.775648
FBCV,8.732876508471161,-0.2671234915288381,9.0,0.0,2025-02-14T17:35:59.706920
XDJL,8.707798880357396,0.5077988803573973,8.2,0.0,2025-02-14T18:24:40.110506
MDLV,8.682686426466455,1.6826864264664556,7.0,0.0,2025-02-14T17:59:07.291237
PTEU,8.66182151442013,1.6618215144201287,7.0,0.0,2025-02-14T18:09:30.188030
YDEC,8.653303655952062,1.6533036559520626,7.0,0.0,2025-02-14T18:27:13.459396
DFND,8.652918208653574,-0.3470817913464252,9.0,0.0,2025-02-14T17:29:50.977076
XVOL,8.641435175012557,0.6414351750125576,8.0,0.0,2025-02-14T18:26:53.384238
LFAN,8.631487000538772,0.6314870005387717,8.0,0.0,2025-02-14T17:55:09.689512
UMAY,8.6279856096481,0.6279856096481006,8.0,0.0,2025-02-14T18:20:27.478894
ACWV,8.627005203238623,2.6270052032386233,6.0,0.0,2025-02-14T17:19:37.941427
PSFF,8.626819329482629,0.626819329482629,8.0,0.0,2025-02-14T18:08:57.319500
NULV,8.617966516502962,0.6179665165029619,8.0,0.0,2025-02-14T18:02:48.138249
FDND,8.573555563276672,1.5735555632766718,7.0,0.0,2025-02-14T17:37:02.583765
MAMB,8.571493076756365,1.571493076756365,7.0,0.0,2025-02-14T17:58:03.343946
TDV,8.54308127331997,0.5430812733199701,8.0,0.0,2025-02-14T18:17:38.066216
NANC,8.527483825978129,0.527483825978129,6.0,2.0,2025-02-14T18:01:17.943924
BBJP,8.482076419573689,0.48207641957368846,8.0,0.0,2025-02-14T17:24:40.337045
EUAD,8.481020750936947,1.4810207509369469,7.0,0.0,2025-02-14T17:35:07.353831
POCT,8.473401007561371,0.47340100756137105,8.0,0.0,2025-02-14T18:08:05.468603
NDEC,8.470903446029372,0.47090344602937223,8.0,0.0,2025-02-14T18:01:37.358161
BUFD,8.46384016166278,0.463840161662781,8.0,0.0,2025-02-14T17:26:56.025641
QDTE,8.462885280347221,0.46288528034722065,8.0,0.0,2025-02-14T18:10:25.715518
PBNV,8.461612313822362,0.46161231382236206,10.0,-2.0,2025-02-14T18:06:48.966631
BUFR,8.461087034401427,0.4610870344014259,8.0,0.0,2025-02-14T17:27:09.734576
STBF,8.433671468616426,1.9336714686164265,6.5,0.0,2025-02-14T18:17:07.030012
MBND,8.433307813823077,1.4333078138230781,7.0,0.0,2025-02-14T17:58:59.880840
BUFT,8.416846934393527,1.416846934393527,7.0,0.0,2025-02-14T17:27:17.205393
XNOV,8.414432220135609,0.4144322201356097,8.0,0.0,2025-02-14T18:26:21.204222
NUEM,8.407204983834884,1.4072049838348846,7.0,0.0,2025-02-14T18:02:44.287683
XOCT,8.389499077866324,0.3894990778663235,8.0,0.0,2025-02-14T18:26:28.336179
CORX,8.3846970703561,0.38469707035610057,8.0,0.0,2025-02-14T17:28:37.925917
BEMB,8.373781713946975,1.3737817139469761,7.0,0.0,2025-02-14T17:24:45.196309
MSTQ,8.354083501503686,0.3540835015036862,8.0,0.0,2025-02-14T18:00:22.631550
UOCT,8.337819162808389,0.337819162808389,6.0,2.0,2025-02-14T18:20:49.424324
DECP,8.31792347249057,0.31792347249056974,6.0,2.0,2025-02-14T17:29:48.830494
TDEC,8.3142582784162,1.3142582784161987,7.0,0.0,2025-02-14T18:17:41.031297
DWCR,8.282762557309288,1.282762557309288,7.0,0.0,2025-02-14T17:32:16.827881
DRSK,8.275764364642878,1.275764364642879,7.0,0.0,2025-02-14T17:31:12.135054
TSLZ,8.233044208581877,1.2330442085818758,7.0,0.0,2025-02-14T18:19:44.402877
FJAN,8.211428320654878,0.2114283206548791,8.0,0.0,2025-02-14T17:38:44.291429
TMFX,8.210193049087755,0.21019304908775496,8.0,0.0,2025-02-14T18:19:09.097039
SHEH,8.205645894434776,1.2056458944347752,7.0,0.0,2025-02-14T18:15:18.564693
ARKX,8.198154600730177,-0.8018453992698227,9.0,0.0,2025-02-14T17:21:47.675524
XMPT,8.195425537658283,1.1954255376582823,7.0,0.0,2025-02-14T18:26:15.389734
BWTG,8.133123523215675,1.1331235232156742,7.0,0.0,2025-02-14T17:27:51.334965
FLBL,8.10503298768552,0.10503298768552084,8.0,0.0,2025-02-14T17:38:49.572981
VWID,8.101798192127205,2.101798192127205,6.0,0.0,2025-02-14T18:23:02.129027
SATO,8.095192640272112,-1.9048073597278878,10.0,0.0,2025-02-14T18:13:54.519479
AAPR,8.052078935000027,0.05207893500002711,8.0,0.0,2025-02-14T17:19:09.128761
LFAQ,8.051417682084626,1.0514176820846266,7.0,0.0,2025-02-14T17:55:23.680073
LOCT,8.04903924203011,1.0490392420301107,7.0,0.0,2025-02-14T17:57:40.896408
TYLD,8.033069263839042,2.0330692638390424,6.0,0.0,2025-02-14T18:19:46.965145
ABLG,8.014404809687868,2.0144048096878677,6.0,0.0,2025-02-14T17:19:21.644312
FFGX,8.008887947775401,1.0088879477754005,7.0,0.0,2025-02-14T17:37:40.240373
ABFL,8.008210803917757,2.008210803917757,6.0,0.0,2025-02-14T17:19:29.810099
XUSP,7.992981662126034,-0.007018337873965663,8.0,0.0,2025-02-14T18:26:51.437645
RODE,7.970595289082895,1.9705952890828946,6.0,0.0,2025-02-14T18:12:53.534903
BAMU,7.953920487218036,0.9539204872180356,7.0,0.0,2025-02-14T17:23:28.785298
LIAQ,7.9441590629934655,0.9441590629934652,7.0,0.0,2025-02-14T17:56:55.728980
NURE,7.9297346780445395,0.9297346780445395,7.0,0.0,2025-02-14T18:03:08.028464
QMMY,7.926398069254527,0.9263980692545275,7.0,0.0,2025-02-14T18:11:24.385348
BBIN,7.91928931165134,1.9192893116513403,6.0,0.0,2025-02-14T17:23:49.013092
LIAJ,7.8982414778882415,0.8982414778882415,7.0,0.0,2025-02-14T17:56:33.839594
RDTE,7.895855387457851,-0.10414461254214942,8.0,0.0,2025-02-14T18:12:27.900391
TMFG,7.8775108533818585,0.877510853381859,7.0,0.0,2025-02-14T18:18:43.021873
BMAY,7.858001522886702,0.8580015228867018,7.0,0.0,2025-02-14T17:25:48.676418
LJUL,7.804284738270516,1.804284738270516,6.0,0.0,2025-02-14T17:57:31.006821
OCTQ,7.796132168360842,0.7961321683608418,7.0,0.0,2025-02-14T18:04:09.147427
AAPY,7.794361946067337,1.7943619460673377,10.0,-4.0,2025-02-14T17:19:20.566054
BUFQ,7.770449918726225,0.770449918726225,7.0,0.0,2025-02-14T17:26:57.364247
QUAL,7.769602645247588,0.7696026452475877,7.0,0.0,2025-02-14T18:11:51.924085
BUFZ,7.764970218458869,0.764970218458869,7.0,0.0,2025-02-14T17:27:19.998151
UVIX,7.741083472242625,-0.25891652775737484,8.0,0.0,2025-02-14T18:21:21.998533
BTCZ,7.739102207835151,1.739102207835151,6.0,0.0,2025-02-14T17:26:53.711483
SMI,7.729567439878546,0.7295674398785464,7.0,0.0,2025-02-14T18:15:43.934715
TMDV,7.728557548730091,0.728557548730091,7.0,0.0,2025-02-14T18:18:28.021109
XDQQ,7.7235965610607344,0.7235965610607344,7.0,0.0,2025-02-14T18:24:52.091979
YJUN,7.7053473632305245,1.705347363230524,6.0,0.0,2025-02-14T18:27:30.767123
MOTG,7.702613508942501,1.7026135089425012,6.0,0.0,2025-02-14T18:00:10.216128
XAUG,7.698007751749133,0.6980077517491331,7.0,0.0,2025-02-14T18:24:07.781983
RSBA,7.6925705132378015,0.6925705132378014,7.0,0.0,2025-02-14T18:13:02.093617
BITX,7.682637457201796,-2.3173625427982034,10.0,0.0,2025-02-14T17:24:55.593030
RSSB,7.682020121941976,0.6820201219419758,7.0,0.0,2025-02-14T18:13:15.431163
CNAV,7.671470661635326,-0.32852933836467385,8.0,0.0,2025-02-14T17:28:18.474600
QMAG,7.668977182948935,0.6689771829489353,7.0,0.0,2025-02-14T18:11:09.108350
LFAO,7.66030942352179,0.6603094235217896,7.0,0.0,2025-02-14T17:55:33.040902
PSFM,7.643838462161107,0.6438384621611072,7.0,0.0,2025-02-14T18:08:59.102299
NNOV,7.643826343207698,0.6438263432076972,7.0,0.0,2025-02-14T18:01:57.520641
SEIV,7.634225162229276,-0.3657748377707243,8.0,0.0,2025-02-14T18:14:37.016510
FEBP,7.622793507924051,1.622793507924051,6.0,0.0,2025-02-14T17:37:31.157291
WLDR,7.606842318138851,0.6068423181388504,7.0,0.0,2025-02-14T18:23:30.836485
AAPX,7.597250055054868,1.597250055054868,6.0,0.0,2025-02-14T17:19:17.745585
BUFP,7.592687308766402,0.5926873087664021,7.0,0.0,2025-02-14T17:27:06.166273
SNPV,7.591820119202616,0.591820119202616,7.0,0.0,2025-02-14T18:16:30.757600
DINT,7.590330699557219,1.5903306995572188,6.0,0.0,2025-02-14T17:30:51.419725
QMNV,7.587690480059651,0.5876904800596513,7.0,0.0,2025-02-14T18:11:26.926742
UPSD,7.586416723796157,0.5864167237961567,7.0,0.0,2025-02-14T18:20:41.234730
URAN,7.5393745408230695,-0.4606254591769307,8.0,0.0,2025-02-14T18:20:42.180471
LBO,7.528301516359473,-2.4716984836405262,10.0,0.0,2025-02-14T17:54:16.973387
MOTI,7.520562985821547,1.5205629858215475,6.0,0.0,2025-02-14T18:00:05.258995
UAUG,7.503518202184419,0.5035182021844193,7.0,0.0,2025-02-14T18:20:05.767395
NXTV,7.502140298735043,0.5021402987350427,7.0,0.0,2025-02-14T18:03:56.064401
EYLD,7.494936398187768,0.49493639818776813,7.0,0.0,2025-02-14T17:35:14.416893
OCTM,7.473266965288369,0.47326696528836937,7.0,0.0,2025-02-14T18:04:14.958360
EALT,7.451389970428438,0.4513899704284377,7.0,0.0,2025-02-14T17:32:15.893096
APRJ,7.443455598838005,1.4434555988380056,6.0,0.0,2025-02-14T17:20:47.731424
DJUN,7.434928054204859,0.4349280542048589,7.0,0.0,2025-02-14T17:31:05.553061
SMOT,7.422336970820139,0.4223369708201396,7.0,0.0,2025-02-14T18:16:06.319355
WTAI,7.412425858074559,0.41242585807455895,7.0,0.0,2025-02-14T18:23:57.137292
NUDM,7.40810262244887,1.4081026224488695,6.0,0.0,2025-02-14T18:02:53.918097
XBJA,7.405733634393598,0.40573363439359794,7.0,0.0,2025-02-14T18:24:19.616418
DAUG,7.392670286606552,0.39267028660655184,7.0,0.0,2025-02-14T17:29:28.703143
BDEC,7.377973872057132,0.37797387205713234,7.0,0.0,2025-02-14T17:24:43.033777
DJUL,7.365959074753055,0.3659590747530544,7.0,0.0,2025-02-14T17:31:00.105565
USEP,7.354954802038668,0.35495480203866736,7.0,0.0,2025-02-14T18:20:52.899574
ARKZ,7.34145047905535,-2.65854952094465,10.0,0.0,2025-02-14T17:22:03.356535
PJAN,7.317481394519072,0.3174813945190728,7.0,0.0,2025-02-14T18:07:37.509266
CBOE,7.313269992024909,1.8132699920249093,5.5,0.0,2025-02-14T17:28:17.553922
BBUS,7.279864441725545,0.27986444172554525,7.0,0.0,2025-02-14T17:24:41.516428
EVUS,7.274905341790704,0.27490534179070353,7.0,0.0,2025-02-14T17:35:14.753258
EFG,7.271201178452926,1.271201178452926,0.0,6.0,2025-02-14T17:33:26.452436
FUNL,7.270754937595485,0.2707549375954848,7.0,0.0,2025-02-14T17:40:22.127581
ACSI,7.263220206304346,1.2632202063043456,6.0,0.0,2025-02-14T17:19:30.449412
PBDE,7.250176082225357,0.25017608222535725,7.0,0.0,2025-02-14T18:05:52.488918
TSEP,7.244022895232043,1.2440228952320431,6.0,0.0,2025-02-14T18:19:26.372743
BJAN,7.236825032630259,0.23682503263025864,7.0,0.0,2025-02-14T17:25:04.243620
UFEB,7.226671803116995,1.226671803116995,6.0,0.0,2025-02-14T18:20:09.201298
SMIN,7.172621804582947,-1.8273781954170532,9.0,0.0,2025-02-14T18:15:50.341567
TILT,7.169779984015227,0.1697799840152264,7.0,0.0,2025-02-14T18:17:59.342507
PSFO,7.146201108423048,0.14620110842304754,7.0,0.0,2025-02-14T18:09:09.338010
NUDV,7.132814563026756,0.13281456302675565,7.0,0.0,2025-02-14T18:02:47.118495
FDEC,7.13128736462827,0.13128736462827034,7.0,0.0,2025-02-14T17:36:28.268810
MAYU,7.1106597800043465,0.11065978000434668,7.0,0.0,2025-02-14T17:58:23.779966
DAPR,7.097138010681517,1.097138010681517,6.0,0.0,2025-02-14T17:29:26.759580
CMCI,7.091944430214083,1.0919444302140833,6.0,0.0,2025-02-14T17:28:37.756393
XBAP,7.0836293525274225,1.083629352527423,6.0,0.0,2025-02-14T18:24:25.644395
PSMO,7.068780770287168,0.06878077028716731,7.0,0.0,2025-02-14T18:09:12.545280
TOKE,7.048208547301307,1.0482085473013074,6.0,0.0,2025-02-14T18:18:54.501453
OVM,7.029229801131036,1.029229801131036,6.0,0.0,2025-02-14T18:05:19.912312
FPAS,7.013252661349813,0.01325266134981291,7.0,0.0,2025-02-14T17:39:55.079539
MBBB,7.005251029187688,1.0052510291876886,6.0,0.0,2025-02-14T17:58:35.817108
AJUL,7.000540913824564,0.5005409138245632,0.0,6.5,2025-02-14T17:20:34.200464
LFAF,6.985949954607064,0.9859499546070644,6.0,0.0,2025-02-14T17:54:32.969499
SVAL,6.9649329388943135,-0.03506706110568629,7.0,0.0,2025-02-14T18:17:16.512596
BAMV,6.9618659307198545,-0.03813406928014515,7.0,0.0,2025-02-14T17:23:41.076951
ESG,6.9617144261806025,1.9617144261806032,7.0,-2.0,2025-02-14T17:34:04.397671
FMAR,6.9370767297482185,0.9370767297482182,6.0,0.0,2025-02-14T17:39:31.074572
PSMD,6.927239335179086,-0.07276066482091323,7.0,0.0,2025-02-14T18:09:11.420805
DOGG,6.923408328506235,0.9234083285062347,6.0,0.0,2025-02-14T17:31:13.830248
FBCG,6.905519216657307,-0.09448078334269282,7.0,0.0,2025-02-14T17:36:10.223737
RSST,6.896570812119426,0.8965708121194255,6.0,0.0,2025-02-14T18:13:33.176298
NDOW,6.889370648247082,0.8893706482470826,6.0,0.0,2025-02-14T18:01:32.311810
VCRM,6.88717963223411,0.8871796322341104,6.0,0.0,2025-02-14T18:21:49.235756
TAIL,6.872772136772063,-0.1272278632279363,7.0,0.0,2025-02-14T18:17:32.632480
MLN,6.868005614132322,0.868005614132322,6.0,0.0,2025-02-14T17:59:44.349558
PBAU,6.858963668251712,0.8589636682517118,6.0,0.0,2025-02-14T18:05:56.258641
NJUN,6.852091680616655,0.8520916806166554,6.0,0.0,2025-02-14T18:01:44.666312
COPA,6.841763590533963,0.8417635905339637,6.0,0.0,2025-02-14T17:28:38.812562
AQLT,6.836104278379779,0.8361042783797792,6.0,0.0,2025-02-14T17:20:50.698501
BALI,6.812176080357856,-0.1878239196421433,7.0,0.0,2025-02-14T17:22:22.131611
NJUL,6.805337071206905,0.8053370712069053,6.0,0.0,2025-02-14T18:01:55.719102
SMDV,6.783690736695862,0.783690736695862,6.0,0.0,2025-02-14T18:15:39.260159
RDVI,6.774951212154114,-0.22504878784588556,7.0,0.0,2025-02-14T18:12:39.442919
OCTJ,6.752350770275205,0.7523507702752056,-4.0,10.0,2025-02-14T18:04:06.391913
SHYD,6.750331488521246,0.7503314885212454,8.0,-2.0,2025-02-14T18:15:26.815727
PBJN,6.747630542015478,0.747630542015478,6.0,0.0,2025-02-14T18:06:14.835036
EAOM,6.742812334618699,0.7428123346186987,6.0,0.0,2025-02-14T17:32:42.573607
RYSE,6.741616120549816,-0.2583838794501844,7.0,0.0,2025-02-14T18:13:51.338245
AUGP,6.724547014634895,0.7245470146348957,6.0,0.0,2025-02-14T17:22:08.870480
SFEB,6.69264006423416,-0.30735993576583953,7.0,0.0,2025-02-14T18:14:59.362494
SPYI,6.690187066100652,0.690187066100652,6.0,0.0,2025-02-14T18:16:44.500093
KSEP,6.682996259651491,-0.317003740348509,7.0,0.0,2025-02-14T17:54:17.751761
DSCF,6.678428276831667,1.1784282768316672,7.5,-2.0,2025-02-14T17:31:40.568938
DJAN,6.664550134456443,0.16455013445644298,6.5,0.0,2025-02-14T17:30:51.748634
LCF,6.6233141049917155,0.6233141049917151,6.0,0.0,2025-02-14T17:54:22.391482
SEPP,6.609998668411526,0.6099986684115266,6.0,0.0,2025-02-14T18:14:51.807008
XSEP,6.606817165376574,0.6068171653765738,6.0,0.0,2025-02-14T18:26:32.408426
LFAL,6.5792745717440555,0.5792745717440554,6.0,0.0,2025-02-14T17:55:10.874461
BJUN,6.565752027804856,0.5657520278048559,6.0,0.0,2025-02-14T17:25:12.401181
XJR,6.558497688046954,-0.4415023119530467,7.0,0.0,2025-02-14T18:25:42.498129
QVOY,6.551640200508794,-0.448359799491206,7.0,0.0,2025-02-14T18:12:08.467963
XJAN,6.544011457606472,0.5440114576064723,6.0,0.0,2025-02-14T18:25:47.927998
FFEM,6.518304018916706,0.518304018916706,6.0,0.0,2025-02-14T17:37:45.536471
BBHY,6.493534937741104,0.49353493774110363,6.0,0.0,2025-02-14T17:23:51.548806
FETH,6.490036184003831,-2.5099638159961692,9.0,0.0,2025-02-14T17:37:39.240549
VXZ,6.486457204123424,0.48645720412342325,6.0,0.0,2025-02-14T18:23:16.796048
MAXJ,6.472616205403938,0.4726162054039378,6.0,0.0,2025-02-14T17:58:13.779110
NSEP,6.470730395618267,0.470730395618267,6.0,0.0,2025-02-14T18:02:41.531619
BCHP,6.462742191762117,-0.537257808237883,7.0,0.0,2025-02-14T17:24:43.972542
FBUF,6.461191509357118,0.4611915093571177,7.0,-1.0,2025-02-14T17:36:06.318837
BUFB,6.45074011571647,0.45074011571647005,6.0,0.0,2025-02-14T17:26:54.741853
AMZP,6.449700253010994,-0.5502997469890054,7.0,0.0,2025-02-14T17:20:27.043376
FNOV,6.443096821729496,0.4430968217294961,6.0,0.0,2025-02-14T17:39:47.937023
DHDG,6.442021822859678,0.44202182285967734,6.0,0.0,2025-02-14T17:30:38.579966
XISE,6.43421541973002,0.43421541973001965,6.0,0.0,2025-02-14T18:25:41.272593
PAWZ,6.430733511391271,-0.5692664886087293,7.0,0.0,2025-02-14T18:05:40.446075
PSFJ,6.429191427799728,0.4291914277997286,6.0,0.0,2025-02-14T18:09:07.318670
MFUL,6.417384726494752,0.41738472649475183,6.0,0.0,2025-02-14T17:59:08.545886
ESML,6.414960259901714,-0.5850397400982857,7.0,0.0,2025-02-14T17:34:35.877780
CLSE,6.405003126906175,-0.5949968730938245,7.0,0.0,2025-02-14T17:28:28.202582
VMAX,6.393872093568406,0.39387209356840597,6.0,0.0,2025-02-14T18:22:45.428217
BAUG,6.382799116098561,0.3827991160985611,6.0,0.0,2025-02-14T17:23:40.069581
ZVOL,6.371958880010462,-0.6280411199895376,7.0,0.0,2025-02-14T18:27:49.638842
ZDEK,6.358059733388528,0.3580597333885279,6.0,0.0,2025-02-14T18:27:48.562839
EMDV,6.336406521190121,0.3364065211901206,6.0,0.0,2025-02-14T17:33:31.409544
PSEP,6.330832767625587,0.3308327676255871,6.0,0.0,2025-02-14T18:08:45.592528
XDEC,6.324196743917847,0.32419674391784736,6.0,0.0,2025-02-14T18:24:23.482078
DECM,6.318244329576507,0.31824432957650756,6.0,0.0,2025-02-14T17:29:39.060726
ZSEP,6.3084307286563135,0.3084307286563131,6.0,0.0,2025-02-14T18:27:57.527450
UNOV,6.308223167129664,0.30822316712966397,6.0,0.0,2025-02-14T18:20:32.618412
NUMV,6.307323436786869,-1.6926765632131309,8.0,0.0,2025-02-14T18:02:57.323636
BAMA,6.2752580191586045,0.2752580191586041,6.0,0.0,2025-02-14T17:22:35.908488
PDEC,6.2538907861062,0.25389078610620003,6.0,0.0,2025-02-14T18:06:54.354421
OVL,6.244453392032854,0.24445339203285388,6.0,0.0,2025-02-14T18:05:11.733482
UJUL,6.241194915005345,0.24119491500534523,6.0,0.0,2025-02-14T18:20:30.391253
KNOW,6.230543735693269,-0.7694562643067311,7.0,0.0,2025-02-14T17:54:06.159667
ESGV,6.220288909911239,0.220288909911239,6.0,0.0,2025-02-14T17:34:08.363615
LFAI,6.217204154906481,1.0172041549064823,9.2,-4.0,2025-02-14T17:54:47.100695
DECZ,6.20779325346385,0.20779325346384994,6.0,0.0,2025-02-14T17:29:50.607257
PBUS,6.2071634940277285,0.2071634940277285,6.0,0.0,2025-02-14T18:07:00.041579
ARKQ,6.205491777709346,-0.7945082222906535,7.0,0.0,2025-02-14T17:21:57.546482
BNOV,6.185663061170713,0.1856630611707132,6.0,0.0,2025-02-14T17:25:55.604430
PAVE,6.182998640853823,-1.8170013591461769,8.0,0.0,2025-02-14T18:05:29.679501
MAYZ,6.107300178331416,0.10730017833141617,10.0,-4.0,2025-02-14T17:58:25.248782
PJBF,6.099391250520631,0.09939125052063033,0.0,6.0,2025-02-14T18:07:43.920535
FEBZ,6.0666037319332675,0.06660373193326734,6.0,0.0,2025-02-14T17:37:24.927628
FFLV,6.057609095810937,0.05760909581093756,6.0,0.0,2025-02-14T17:37:45.756573
MVFG,6.043091651992437,0.04309165199243736,6.0,0.0,2025-02-14T18:01:21.888452
AUGZ,6.033262804355032,0.03326280435503222,6.0,0.0,2025-02-14T17:22:04.180624
NVBU,6.030333600075259,0.030333600075259426,6.0,0.0,2025-02-14T18:03:22.584895
DWLD,6.013210621650167,2.013210621650167,6.0,-2.0,2025-02-14T17:32:29.617947
BALT,5.994818923153753,0.9948189231537526,10.0,-5.0,2025-02-14T17:22:25.808113
VIXY,5.990340554351587,-0.009659445648413367,6.0,0.0,2025-02-14T18:22:15.972633
OVLH,5.965252714439537,-0.03474728556046287,6.0,0.0,2025-02-14T18:05:13.666512
PJFM,5.951665619060482,-0.04833438093951799,6.0,0.0,2025-02-14T18:07:40.833209
VEGN,5.94794612628459,-0.05205387371540979,6.0,0.0,2025-02-14T18:21:45.309407
OSCV,5.942168286803699,-1.057831713196301,7.0,0.0,2025-02-14T18:04:53.942688
ARKA,5.935871642097078,-2.064128357902922,8.0,0.0,2025-02-14T17:20:48.994938
BRLN,5.924392149453384,-0.07560785054661635,6.0,0.0,2025-02-14T17:26:10.291943
AJAN,5.889347892857057,-0.11065210714294338,6.0,0.0,2025-02-14T17:20:23.351805
TDVI,5.88173583686758,-0.11826416313242022,6.0,0.0,2025-02-14T18:17:50.737127
BLKC,5.842774909141937,-1.1572250908580628,7.0,0.0,2025-02-14T17:25:47.796460
BAMD,5.828505861740263,-1.1714941382597375,7.0,0.0,2025-02-14T17:23:06.706542
NULC,5.814785317689778,-0.1852146823102217,6.0,0.0,2025-02-14T18:02:43.374391
BUFS,5.800778658050254,-0.19922134194974675,6.0,0.0,2025-02-14T17:27:07.497390
YETH,5.789861721554217,-3.2101382784457826,9.0,0.0,2025-02-14T18:27:04.877909
FCLD,5.774267701959208,0.774267701959208,7.0,-2.0,2025-02-14T17:36:11.110251
QJUN,5.706125433528051,0.7061254335280509,7.0,-2.0,2025-02-14T18:10:53.238923
DUSA,5.6587109923171415,1.658710992317141,6.0,-2.0,2025-02-14T17:32:14.785070
VAMO,5.603720313754451,-1.396279686245549,7.0,0.0,2025-02-14T18:21:45.017162
ATMP,5.5645807940876395,-0.4354192059123605,6.0,0.0,2025-02-14T17:22:06.576266
EFAD,5.5011285849402585,1.5011285849402585,4.0,0.0,2025-02-14T17:33:05.000852
RDFI,5.491258779147802,1.4912587791478018,4.0,0.0,2025-02-14T18:12:14.991169
KRUZ,5.477107135018168,-0.5228928649818314,6.0,0.0,2025-02-14T17:54:13.777860
SMB,5.44915032667288,1.4491503266728798,7.0,-3.0,2025-02-14T18:15:53.208820
MBCC,5.443939052793807,1.4439390527938065,0.0,4.0,2025-02-14T17:58:48.823798
MAGA,5.4203058321144395,-0.5796941678855603,6.0,0.0,2025-02-14T17:58:04.117812
BSEP,5.337329684262135,0.3373296842621357,8.0,-3.0,2025-02-14T17:26:08.303712
XFEB,5.337188503396648,1.3371885033966486,9.0,-5.0,2025-02-14T18:25:31.930524
MYLD,5.21391726046537,-0.7860827395346305,6.0,0.0,2025-02-14T18:01:18.484845
WBAT,5.155167082673339,-0.8448329173266607,6.0,0.0,2025-02-14T18:23:11.822767
BTCI,5.112666245589696,-1.8873337544103037,7.0,0.0,2025-02-14T17:26:12.553321
EZBC,5.064864233169857,-1.9351357668301432,7.0,0.0,2025-02-14T17:35:13.100475
TBJL,5.028395606187948,1.0283956061879473,7.0,-3.0,2025-02-14T18:17:41.405942
PUTD,4.992911749216724,4.992911749216724,0.0,0.0,2025-02-14T18:10:04.942701
DURA,4.827718979429146,-0.1722810205708541,7.0,-2.0,2025-02-14T17:32:09.481332
EAOK,4.807703798262737,0.8077037982627366,0.0,4.0,2025-02-14T17:32:37.454933
FCTR,4.76352472614953,0.7635247261495302,0.0,4.0,2025-02-14T17:36:23.180550
ARKY,4.694151673147113,-2.3058483268528875,7.0,0.0,2025-02-14T17:21:58.547808
QTJL,4.675276229336918,0.6752762293369173,8.0,-4.0,2025-02-14T18:11:41.348343
EDEN,4.655155967116511,-0.34484403288348914,0.0,5.0,2025-02-14T17:32:37.493555
EZET,4.602023468919445,-2.397976531080555,7.0,0.0,2025-02-14T17:35:15.597732
DFNL,4.376247293106436,0.3762472931064366,6.0,-2.0,2025-02-14T17:30:15.530646
ETHU,4.343856960420602,-2.6561430395793972,7.0,0.0,2025-02-14T17:34:46.046400
XTOC,4.332404747845336,0.3324047478453366,4.0,0.0,2025-02-14T18:26:52.471647
MVAL,4.331767991810864,-1.6682320081891362,6.0,0.0,2025-02-14T18:00:42.881226
XAPR,4.205164745949522,2.2051647459495216,0.0,2.0,2025-02-14T18:24:03.690424
MGRO,4.125112829897671,-2.874887170102329,7.0,0.0,2025-02-14T17:59:17.927308
UJAN,4.028466833228603,0.02846683322860315,4.0,0.0,2025-02-14T18:20:16.982372
TSLP,3.9989750784345155,-1.5010249215654845,8.0,-2.5,2025-02-14T18:19:37.289269
BUSA,3.9703871905466728,-0.029612809453327324,4.0,0.0,2025-02-14T17:27:26.849869
ADME,3.9648247063659907,-0.035175293634009105,4.0,0.0,2025-02-14T17:19:40.294184
ARKC,3.9593798900367547,-2.0406201099632453,6.0,0.0,2025-02-14T17:20:59.673085
BBEU,3.925271684957525,1.925271684957525,2.0,0.0,2025-02-14T17:23:39.305804
NEAR,3.880405871062341,0.8804058710623408,6.0,-3.0,2025-02-14T18:01:38.611510
REGL,3.870129224029564,-0.12987077597043564,6.0,-2.0,2025-02-14T18:12:45.877669
XIMR,3.7783258868927003,2.7783258868927008,7.0,-6.0,2025-02-14T18:25:43.305616
DFIC,3.7356681792458524,1.7356681792458524,2.0,0.0,2025-02-14T17:29:50.058195
BTCL,3.7201667321194534,-2.2798332678805466,6.0,0.0,2025-02-14T17:26:09.256641
NUMG,3.7181983575670436,-1.2818016424329564,7.0,-2.0,2025-02-14T18:03:04.226866
FDEV,3.539814115408884,1.539814115408884,7.0,-5.0,2025-02-14T17:36:35.182093
MSFX,3.526303679845269,-2.473696320154731,6.0,0.0,2025-02-14T18:00:27.354212
FMAY,3.461937246959968,0.46193724695996824,6.0,-3.0,2025-02-14T17:39:53.132788
PJUL,3.4474347016991107,0.4474347016991111,10.0,-7.0,2025-02-14T18:07:45.274461
FLOT,3.364062529502898,3.364062529502898,0.0,0.0,2025-02-14T17:38:58.931781
MOAT,3.3188655397636806,-2.6811344602363194,6.0,0.0,2025-02-14T17:59:45.421102
XDJA,3.2140324643862224,0.21403246438622217,4.0,-1.0,2025-02-14T18:24:39.185782
TRTY,3.2120048563406707,0.21200485634067048,6.0,-3.0,2025-02-14T18:19:21.910547
ROMO,3.188176640772613,0.18817664077261326,0.0,3.0,2025-02-14T18:13:01.024956
ECH,3.182194688115749,3.182194688115749,0.0,0.0,2025-02-14T17:32:30.555922
OGIG,3.166173008621962,3.166173008621962,0.0,0.0,2025-02-14T18:04:24.865965
ARKD,3.1266273977356924,-0.8733726022643076,6.0,-2.0,2025-02-14T17:21:56.121343
AAAU,3.007820022789497,3.007820022789497,0.0,0.0,2025-02-14T17:19:19.100634
LIAE,2.923601497829069,0.9236014978290691,7.0,-5.0,2025-02-14T17:56:12.911459
EMGF,2.872943519672737,0.8729435196727373,0.0,2.0,2025-02-14T17:33:41.261276
CVAR,2.845677183644712,-0.15432281635528824,7.0,-4.0,2025-02-14T17:29:25.492481
NAPR,2.7900804827609127,0.7900804827609129,0.0,2.0,2025-02-14T18:01:29.708420
WHTX,2.6191383330050977,2.6191383330050977,0.0,0.0,2025-02-14T18:23:25.410619
VLUE,2.5955025421751508,0.5955025421751508,6.0,-4.0,2025-02-14T18:22:37.757212
FFLC,2.589320008612299,-0.4106799913877012,7.0,-4.0,2025-02-14T17:37:49.282880
FLDZ,2.5354601463501765,0.03546014635017656,2.5,0.0,2025-02-14T17:38:50.697902
EFAV,2.533139875768775,2.533139875768775,0.0,0.0,2025-02-14T17:33:01.474982
DDWM,2.521482215804086,2.521482215804086,0.0,0.0,2025-02-14T17:29:29.767474
XIDE,2.512237943337767,0.5122379433377666,7.0,-5.0,2025-02-14T18:25:36.387699
TMFE,2.5018968622093936,2.5018968622093936,0.0,0.0,2025-02-14T18:18:41.855372
PSMR,2.4510317807810535,0.4510317807810537,0.0,2.0,2025-02-14T18:09:28.770028
BINV,2.3978165050480675,2.3978165050480675,0.0,0.0,2025-02-14T17:24:47.665905
FJUN,2.3930099918059184,0.39300999180591845,10.0,-8.0,2025-02-14T17:38:53.581349
TLTW,2.3471977045900823,2.3471977045900823,0.0,0.0,2025-02-14T18:18:23.331412
SHDG,2.3357537744706414,0.3357537744706413,2.0,0.0,2025-02-14T18:15:15.935128
TJUL,2.297671983305295,1.2976719833052952,6.0,-5.0,2025-02-14T18:18:09.013734
MBNE,2.278718204236813,2.278718204236813,0.0,0.0,2025-02-14T17:59:02.491366
EFV,2.2630253632344903,2.2630253632344903,0.0,0.0,2025-02-14T17:33:33.719111
APRQ,2.2371772363502043,1.237177236350204,4.0,-3.0,2025-02-14T17:20:47.629142
DISV,2.228290331664227,2.228290331664227,0.0,0.0,2025-02-14T17:30:50.629480
CEMB,2.2028176865804125,2.2028176865804125,0.0,0.0,2025-02-14T17:28:17.152782
LQDW,2.1322418277982664,2.1322418277982664,0.0,0.0,2025-02-14T17:57:51.293463
YMAR,2.0667043738271644,2.0667043738271644,0.0,0.0,2025-02-14T18:27:22.281035
PBTP,2.015095001050515,2.015095001050515,0.0,0.0,2025-02-14T18:06:53.447898
DIHP,1.9557743077570364,1.9557743077570364,0.0,0.0,2025-02-14T17:30:39.646874
VSDM,1.9498212353328939,1.9498212353328939,0.0,0.0,2025-02-14T18:22:57.729551
EWUS,1.9399784254988788,1.9399784254988788,0.0,0.0,2025-02-14T17:35:18.549309
XDAP,1.927977827650361,0.9279778276503613,7.0,-6.0,2025-02-14T18:24:29.837539
LIAV,1.9150689050000969,0.915068905000097,0.0,1.0,2025-02-14T17:57:06.098211
EZU,1.8836816531456706,1.8836816531456706,0.0,0.0,2025-02-14T17:35:39.227607
DFIS,1.8713401831138299,1.8713401831138299,0.0,0.0,2025-02-14T17:29:53.892798
PBFB,1.8659238057144116,1.8659238057144116,0.0,0.0,2025-02-14T18:06:10.672662
MFUT,1.731259630537631,-0.268740369462369,0.0,2.0,2025-02-14T17:59:22.987534
DFEB,1.7014087861478415,1.7014087861478415,0.0,0.0,2025-02-14T17:29:56.501564
APRH,1.691145907645398,1.691145907645398,0.0,0.0,2025-02-14T17:20:35.175328
SELV,1.6692032493903433,1.6692032493903433,0.0,0.0,2025-02-14T18:14:40.822200
ABOT,1.619925205585618,1.619925205585618,0.0,0.0,2025-02-14T17:19:25.949339
PIEQ,1.6176133168419702,1.6176133168419702,0.0,0.0,2025-02-14T18:07:18.037523
OMFL,1.5873629260630353,1.5873629260630353,0.0,0.0,2025-02-14T18:04:43.587648
OUSA,1.576065805969816,1.576065805969816,0.0,0.0,2025-02-14T18:04:57.443222
MEAR,1.5006668022299097,1.5006668022299097,0.0,0.0,2025-02-14T17:59:06.190175
MTUM,1.5005172894325276,1.5005172894325276,0.0,0.0,2025-02-14T18:00:50.620383
PBOC,1.4818461926151598,0.4818461926151599,0.0,1.0,2025-02-14T18:06:41.638720
EAOA,1.4751487073088168,0.4751487073088164,6.0,-5.0,2025-02-14T17:32:26.586032
BBAX,1.4716586999711296,1.4716586999711296,0.0,0.0,2025-02-14T17:23:29.854925
MAYP,1.4515322005816387,1.4515322005816387,0.0,0.0,2025-02-14T17:58:13.190755
EUDV,1.395893522335802,1.395893522335802,0.0,0.0,2025-02-14T17:35:08.095398
APRD,1.3917722965036916,1.3917722965036916,0.0,0.0,2025-02-14T17:20:35.330244
MRGR,1.3587262842053136,1.3587262842053136,0.0,0.0,2025-02-14T18:00:15.705152
PBMR,1.342694534147821,1.342694534147821,0.0,0.0,2025-02-14T18:06:38.366470
RTAI,1.3288801362909666,1.3288801362909666,0.0,0.0,2025-02-14T18:13:35.833411
PMAR,1.3275730003384076,1.3275730003384076,0.0,0.0,2025-02-14T18:07:47.436150
FAPR,1.3020146918411344,1.3020146918411344,0.0,0.0,2025-02-14T17:35:39.512039
TUSI,1.2864015696812239,1.2864015696812239,0.0,0.0,2025-02-14T18:19:43.281699
EEMV,1.2575835364402081,1.2575835364402081,0.0,0.0,2025-02-14T17:32:50.917618
FLQM,1.190550464850795,-0.809449535149205,2.0,0.0,2025-02-14T17:39:06.759870
VTEI,1.1710908293619213,1.1710908293619213,0.0,0.0,2025-02-14T18:23:06.347299
TLTP,1.1687801307595194,1.1687801307595194,0.0,0.0,2025-02-14T18:18:15.255559
LIAT,1.160344608289435,1.160344608289435,0.0,0.0,2025-02-14T17:56:58.346706
UMAR,1.1200540327467345,1.1200540327467345,0.0,0.0,2025-02-14T18:20:26.122867
BAMY,1.1179235523998314,1.1179235523998314,0.0,0.0,2025-02-14T17:23:30.025903
LQDI,1.1172351301152503,1.1172351301152503,0.0,0.0,2025-02-14T17:57:52.019210
SVIX,1.1006808516502673,-0.3993191483497327,6.5,-5.0,2025-02-14T18:17:19.474942
RTRE,1.0970285723268638,1.0970285723268638,0.0,0.0,2025-02-14T18:13:46.475519
PMAY,1.0870604791474605,1.0870604791474605,0.0,0.0,2025-02-14T18:07:56.822262
PSDM,1.0777857181531145,1.0777857181531145,0.0,0.0,2025-02-14T18:08:52.479346
LFAU,1.048147538968805,1.048147538968805,0.0,0.0,2025-02-14T17:55:25.553666
XMAY,1.045619932621075,1.045619932621075,0.0,0.0,2025-02-14T18:26:00.783883
BBLB,1.0409849940086282,1.0409849940086282,0.0,0.0,2025-02-14T17:24:37.698823
RSBT,1.028522249002512,1.028522249002512,0.0,0.0,2025-02-14T18:13:11.600892
LFAJ,1.026007498783219,1.026007498783219,0.0,0.0,2025-02-14T17:54:43.739550
LIAX,1.0206221147098808,1.0206221147098808,0.0,0.0,2025-02-14T17:57:07.275580
LFBB,1.0197819109948263,1.0197819109948263,0.0,0.0,2025-02-14T17:55:44.803231
BOXA,1.007052197192467,1.007052197192467,0.0,0.0,2025-02-14T17:25:59.059809
MIG,1.0046222754870164,1.0046222754870164,0.0,0.0,2025-02-14T17:59:18.811271
BAMB,0.9969965864626636,0.9969965864626636,0.0,0.0,2025-02-14T17:23:17.168206
SCLZ,0.9491557598939494,0.9491557598939494,0.0,0.0,2025-02-14T18:14:09.989038
QTAP,0.9470191700139736,0.9470191700139736,0.0,0.0,2025-02-14T18:11:32.613482
LIAK,0.9438123062262989,0.9438123062262989,0.0,0.0,2025-02-14T17:56:41.179358
ACIO,0.9336909944862617,-0.06630900551373813,7.0,-6.0,2025-02-14T17:19:17.007034
SEIQ,0.930199571711154,1.9301995717111537,3.0,-4.0,2025-02-14T18:14:25.789308
FDTB,0.9279091021971414,0.9279091021971414,0.0,0.0,2025-02-14T17:37:23.876519
LIAG,0.9277109775489961,0.9277109775489961,0.0,0.0,2025-02-14T17:56:26.990153
PBP,0.9271619011256333,0.9271619011256333,0.0,0.0,2025-02-14T18:06:39.202211
LIAU,0.9179304030281777,0.9179304030281777,0.0,0.0,2025-02-14T17:56:47.897062
LIAO,0.8988987478374981,0.8988987478374981,0.0,0.0,2025-02-14T17:56:46.304611
BHYB,0.895579758234748,0.895579758234748,0.0,0.0,2025-02-14T17:24:50.460729
LIAC,0.8936314322682272,0.8936314322682272,0.0,0.0,2025-02-14T17:56:03.117492
BBIB,0.8564888599001051,0.8564888599001051,0.0,0.0,2025-02-14T17:24:01.441194
XJUL,0.8360135445108228,0.8360135445108228,0.0,0.0,2025-02-14T18:25:48.528540
TOLL,0.8298476537375734,0.8298476537375734,0.0,0.0,2025-02-14T18:19:02.213120
USHY,0.8267038796311439,0.8267038796311439,0.0,0.0,2025-02-14T18:20:47.031867
FLQL,0.8235882770931219,0.8235882770931219,0.0,0.0,2025-02-14T17:39:07.210018
PTMC,0.8224059164473274,-1.1775940835526726,0.0,2.0,2025-02-14T18:09:54.948823
PSH,0.8145979334764185,0.8145979334764185,0.0,0.0,2025-02-14T18:09:00.258300
KOCT,0.8013104088421672,-0.19868959115783297,4.0,-3.0,2025-02-14T17:54:14.487597
BBRE,0.7993353669756459,0.7993353669756459,0.0,0.0,2025-02-14T17:24:47.427773
NAUG,0.7948256565605107,0.7948256565605107,0.0,0.0,2025-02-14T18:01:31.294909
NOCT,0.789207441233276,0.789207441233276,0.0,0.0,2025-02-14T18:02:25.013227
LFAX,0.7861496620543363,0.7861496620543363,0.0,0.0,2025-02-14T17:55:39.918131
DMAR,0.7848155029316374,0.7848155029316374,0.0,0.0,2025-02-14T17:31:00.537962
SMMV,0.7717182729334781,0.7717182729334781,0.0,0.0,2025-02-14T18:16:01.597724
MINN,0.759872339111385,0.759872339111385,0.0,0.0,2025-02-14T17:59:21.870491
SQMX,0.755504580792622,0.755504580792622,0.0,0.0,2025-02-14T18:16:43.087973
QSPT,0.7399440471973868,0.7399440471973868,0.0,0.0,2025-02-14T18:11:33.504526
UAPR,0.7344776076813261,0.7344776076813261,0.0,0.0,2025-02-14T18:20:00.112740
AUGM,0.7230463778774272,0.7230463778774272,0.0,0.0,2025-02-14T17:21:58.931529
AESR,0.702918326654065,0.702918326654065,0.0,0.0,2025-02-14T17:19:32.868048
ZOCT,0.698005096485921,0.698005096485921,0.0,0.0,2025-02-14T18:27:55.993846
ZALT,0.6911928406401948,0.6911928406401948,0.0,0.0,2025-02-14T18:27:39.627482
ABHY,0.687253948909212,0.687253948909212,0.0,0.0,2025-02-14T17:19:28.551465
PAPR,0.6718092043560275,0.6718092043560275,0.0,0.0,2025-02-14T18:05:28.682528
MILK,0.6565686319838583,0.6565686319838583,0.0,0.0,2025-02-14T17:59:20.515300
QCJL,0.6331487173692046,0.6331487173692046,0.0,0.0,2025-02-14T18:10:10.771007
QDEC,0.6330553502527941,0.6330553502527941,0.0,0.0,2025-02-14T18:10:30.503759
CEFS,0.6322752910048166,0.6322752910048166,0.0,0.0,2025-02-14T17:28:24.917693
PBFR,0.6284450317743996,0.6284450317743996,0.0,0.0,2025-02-14T18:06:20.619786
TYA,0.6222181865420875,0.6222181865420875,0.0,0.0,2025-02-14T18:19:42.035286
XJUN,0.6192404634702875,0.6192404634702875,0.0,0.0,2025-02-14T18:25:47.714360
EAOR,0.616373890386366,0.616373890386366,0.0,0.0,2025-02-14T17:32:29.463596
PBSE,0.6158470245240444,0.6158470245240444,0.0,0.0,2025-02-14T18:06:40.208293
RSEE,0.6033350908485382,0.6033350908485382,0.0,0.0,2025-02-14T18:13:13.237310
PBJL,0.6002712972515297,0.6002712972515297,0.0,0.0,2025-02-14T18:06:13.891312
MRCP,0.5876455420272131,1.587645542027213,1.0,-2.0,2025-02-14T18:00:12.683045
DMAY,0.5792579663810322,0.5792579663810322,0.0,0.0,2025-02-14T17:31:01.668872
PBAP,0.57637479184855,0.57637479184855,0.0,0.0,2025-02-14T18:05:51.341116
SEPM,0.5474802138783197,0.5474802138783197,0.0,0.0,2025-02-14T18:14:49.865688
CNYA,0.5356500692085632,0.5356500692085632,0.0,0.0,2025-02-14T17:28:37.924117
OCTP,0.52273681266053,0.52273681266053,0.0,0.0,2025-02-14T18:04:07.922004
VCEB,0.513841774351607,1.0138417743516073,6.5,-7.0,2025-02-14T18:21:49.179450
OCTD,0.5046498218313097,0.5046498218313097,0.0,0.0,2025-02-14T18:04:02.124820
SNPG,0.496927249808472,0.496927249808472,0.0,0.0,2025-02-14T18:16:32.120819
VFMO,0.46247131315327006,0.46247131315327006,0.0,0.0,2025-02-14T18:21:46.199427
VIXM,0.46139020483746906,0.46139020483746906,0.0,0.0,2025-02-14T18:22:11.270929
PAUG,0.4518648065009785,0.4518648065009785,0.0,0.0,2025-02-14T18:05:28.691639
MVFD,0.4400392718481193,0.4400392718481193,0.0,0.0,2025-02-14T18:01:10.375556
FDRV,0.4345725915675988,0.4345725915675988,0.0,0.0,2025-02-14T17:36:56.582661
BAPR,0.42687864209489135,0.42687864209489135,0.0,0.0,2025-02-14T17:23:27.843808
TMFC,0.4087987123257427,0.4087987123257427,0.0,0.0,2025-02-14T18:18:26.602543
FJUL,0.3991624217197973,0.3991624217197973,0.0,0.0,2025-02-14T17:38:43.897135
PSMJ,0.38601274086181053,0.38601274086181053,0.0,0.0,2025-02-14T18:09:20.554211
BAMO,0.35394725924641224,0.35394725924641224,0.0,0.0,2025-02-14T17:23:28.742765
BJUL,0.3464814377556415,0.3464814377556415,0.0,0.0,2025-02-14T17:24:52.609583
DNOV,0.34185709573295,0.34185709573295,0.0,0.0,2025-02-14T17:31:01.182989
SNPD,0.3382386489046894,0.3382386489046894,0.0,0.0,2025-02-14T18:16:22.036830
VFMF,0.3367696067740852,0.3367696067740852,0.0,0.0,2025-02-14T18:21:47.064957
WDNA,0.3276192602678254,-1.1723807397321742,7.0,-5.5,2025-02-14T18:23:27.341701
DSEP,0.2895432116675622,0.2895432116675622,0.0,0.0,2025-02-14T17:31:47.236964
RBUF,0.2859868017737213,0.2859868017737213,0.0,0.0,2025-02-14T18:12:19.206124
XTJA,0.26713599722668346,0.26713599722668346,0.0,0.0,2025-02-14T18:26:38.950476
MSSS,0.2581778893447124,0.25817788934471225,7.0,-7.0,2025-02-14T18:00:29.372803
PRNT,0.25674365389864207,1.256743653898642,7.0,-8.0,2025-02-14T18:08:08.762576
BLDG,0.23151092736089537,0.23151092736089537,0.0,0.0,2025-02-14T17:25:42.930682
CSM,0.2197344404301319,0.2197344404301319,0.0,0.0,2025-02-14T17:29:13.607173
ZNOV,0.21387692962266558,0.21387692962266558,0.0,0.0,2025-02-14T18:27:44.854406
WEED,0.1893963151664572,0.1893963151664572,0.0,0.0,2025-02-14T18:23:17.947206
DDEC,0.18225530374707616,0.18225530374707616,0.0,0.0,2025-02-14T17:29:36.249836
APRZ,0.17132587707699756,0.17132587707699756,0.0,0.0,2025-02-14T17:20:39.549478
MARZ,0.1612750451181313,0.1612750451181313,0.0,0.0,2025-02-14T17:58:05.225336
CPSL,0.15255826797030778,0.15255826797030778,0.0,0.0,2025-02-14T17:28:52.114718
XVV,0.15142947025639586,0.15142947025639586,0.0,0.0,2025-02-14T18:27:01.726264
UXOC,0.13746380770515554,0.13746380770515573,2.0,-2.0,2025-02-14T18:21:31.563498
NOVZ,0.13003808696385805,0.13003808696385805,0.0,0.0,2025-02-14T18:02:37.546551
LJAN,0.119169070051095,0.11916907005109464,6.0,-6.0,2025-02-14T17:57:18.558967
SEPU,0.107936682346363,0.107936682346363,0.0,0.0,2025-02-14T18:15:02.127563
ETU,0.10614769184795625,-3.3938523081520438,7.0,-3.5,2025-02-14T17:34:55.880147
ARLU,0.07869541680551677,0.07869541680551677,0.0,0.0,2025-02-14T17:22:13.478689
RPHS,0.06662411353069864,0.06662411353069864,0.0,0.0,2025-02-14T18:13:07.909070
MDEV,0.0577300442757398,-1.9422699557242602,2.0,0.0,2025-02-14T17:58:51.663994
XSHQ,0.032942199964004715,0.032942199964004715,0.0,0.0,2025-02-14T18:26:38.139312
LFAE,0.02570339173898617,1.0257033917389862,0.0,-1.0,2025-02-14T17:54:37.292674
PSCQ,0.02516727724014558,0.02516727724014558,0.0,0.0,2025-02-14T18:08:18.157723
ADFI,0.0237265945322747,0.0237265945322747,0.0,0.0,2025-02-14T17:19:27.057550
UDEC,0.017938463913797876,0.017938463913797876,0.0,0.0,2025-02-14T18:20:02.829216
VXX,0.009568719289584485,0.009568719289584485,0.0,0.0,2025-02-14T18:23:10.321822
PSFD,0.007634371494798842,0.007634371494798842,0.0,0.0,2025-02-14T18:08:53.728101
PEX,0.006957230831201144,1.0069572308312011,0.0,-1.0,2025-02-14T18:07:07.462032
UVXY,-1.4105253588067579e-05,-1.4105253588067579e-05,0.0,0.0,2025-02-14T18:21:32.123261
MDPL,-0.010193274994509238,-0.010193274994509238,0.0,0.0,2025-02-14T17:59:04.375683
RMIF,-0.024401262084208498,-0.024401262084208498,0.0,0.0,2025-02-14T18:12:47.521946
FFLG,-0.054216214083691476,-0.054216214083691476,0.0,0.0,2025-02-14T17:37:43.799372
LIMI,-0.05459195697277295,-0.05459195697277295,0.0,0.0,2025-02-14T17:57:15.645138
FAIL,-0.05633439589146505,-0.05633439589146505,0.0,0.0,2025-02-14T17:35:22.648367
MSTB,-0.06599860661798332,-0.06599860661798332,0.0,0.0,2025-02-14T18:00:23.833697
LEAD,-0.07615375092418403,-0.07615375092418403,0.0,0.0,2025-02-14T17:54:23.098602
OMFS,-0.07827290681855033,-0.07827290681855033,0.0,0.0,2025-02-14T18:04:52.881817
TMFM,-0.10978559722360828,-0.10978559722360828,0.0,0.0,2025-02-14T18:18:44.055353
ABLD,-0.11276371218094638,-0.11276371218094638,0.0,0.0,2025-02-14T17:19:20.328944
ENOR,-0.11638982974619053,-0.11638982974619053,0.0,0.0,2025-02-14T17:33:54.719175
SVXY,-0.1665114437631175,-0.1665114437631175,0.0,0.0,2025-02-14T18:17:25.089371
FHEQ,-0.18747348981960668,-0.18747348981960668,0.0,0.0,2025-02-14T17:38:26.214459
FMAG,-0.2611085021389002,-0.2611085021389002,0.0,0.0,2025-02-14T17:39:28.808078
FDCE,-0.27101096265630925,-0.27101096265630925,0.0,0.0,2025-02-14T17:36:26.888512
SAUG,-0.27852486009947697,-0.27852486009947697,0.0,0.0,2025-02-14T18:14:02.871895
SMAY,-0.28499741827766345,-0.28499741827766345,0.0,0.0,2025-02-14T18:15:27.696700
EGUS,-0.3309175812868787,-0.3309175812868787,0.0,0.0,2025-02-14T17:33:30.542187
EPRF,-0.36142234895204833,-0.36142234895204833,0.0,0.0,2025-02-14T17:33:46.733116
EFNL,-0.3616204671788139,1.638379532821186,0.0,-2.0,2025-02-14T17:33:29.567170
NXTI,-0.36726664910001094,2.132733350899989,0.0,-2.5,2025-02-14T18:03:48.569903
SEIM,-0.3712313760177587,-0.3712313760177587,0.0,0.0,2025-02-14T18:14:22.111508
NUSC,-0.41708008577353933,-0.41708008577353933,0.0,0.0,2025-02-14T18:03:16.373985
NULG,-0.4187735143792658,-0.4187735143792658,0.0,0.0,2025-02-14T18:02:53.156855
QBUL,-0.45845746997778325,-0.45845746997778325,0.0,0.0,2025-02-14T18:10:17.106187
COWZ,-0.521453570448103,-0.521453570448103,0.0,0.0,2025-02-14T17:28:39.520216
LYLD,-0.5348375135960914,-0.5348375135960914,0.0,0.0,2025-02-14T17:58:04.590491
FAUG,-0.571931186638281,0.428068813361719,0.0,-1.0,2025-02-14T17:36:01.413965
SMMD,-0.6032435247543944,-0.6032435247543944,0.0,0.0,2025-02-14T18:16:10.586351
MPRO,-0.628326793513849,1.371673206486151,-2.0,0.0,2025-02-14T18:00:06.141677
VTEC,-0.6694303894966809,1.3305696105033191,0.0,-2.0,2025-02-14T18:23:10.345500
RSBY,-0.6745145962779375,-0.6745145962779375,0.0,0.0,2025-02-14T18:13:14.805003
VFVA,-0.7078647098152686,-0.7078647098152686,0.0,0.0,2025-02-14T18:22:02.196660
FRNW,-0.7242194383128737,-0.7242194383128737,0.0,0.0,2025-02-14T17:40:06.510221
BBEM,-0.8544925007367226,1.1455074992632774,0.0,-2.0,2025-02-14T17:23:41.297969
XTAP,-0.9437301205588255,1.0562698794411736,7.0,-9.0,2025-02-14T18:26:50.501905
LFAV,-0.956392753983065,1.043607246016935,0.0,-2.0,2025-02-14T17:55:32.045226
PSCJ,-1.0022738943371712,0.29772610566282864,6.0,-7.3,2025-02-14T18:08:14.999246
NVDX,-1.023995436233027,-1.023995436233027,0.0,0.0,2025-02-14T18:03:45.397349
QPFF,-1.0861094042933366,-1.0861094042933366,0.0,0.0,2025-02-14T18:11:25.473473
SYLD,-1.1182120688383266,-1.1182120688383266,0.0,0.0,2025-02-14T18:17:28.250561
FFSM,-1.1357059070163076,-1.1357059070163076,0.0,0.0,2025-02-14T17:38:12.011750
RSSY,-1.1802829827292236,-1.1802829827292236,0.0,0.0,2025-02-14T18:13:34.598355
OEUR,-1.2149364668819025,1.7850635331180975,0.0,-3.0,2025-02-14T18:04:28.121816
XBJL,-1.302504128459037,0.6974958715409628,0.0,-2.0,2025-02-14T18:24:21.742494
QTOC,-1.3139389534792967,0.6860610465207032,0.0,-2.0,2025-02-14T18:11:50.970410
NOVM,-1.3808253892830944,0.6191746107169053,6.0,-8.0,2025-02-14T18:02:36.481837
SDVD,-1.424902211991295,-1.424902211991295,0.0,0.0,2025-02-14T18:14:07.259035
DIVB,-1.4549810602782969,1.0450189397217031,0.0,-2.5,2025-02-14T17:30:50.794943
MOTE,-1.4958352811791136,-1.4958352811791136,0.0,0.0,2025-02-14T17:59:46.395066
OBND,-1.5194785477095998,1.4805214522904002,0.0,-3.0,2025-02-14T18:03:51.200873
TMFS,-1.5781618675186508,-1.5781618675186508,0.0,0.0,2025-02-14T18:19:01.035907
LIAP,-1.7002721728737762,1.2997278271262238,0.0,-3.0,2025-02-14T17:56:50.647557
XDOC,-1.707697439069206,0.2923025609307942,-2.0,0.0,2025-02-14T18:24:41.442271
YBTC,-1.7139465482061085,-1.7139465482061085,0.0,0.0,2025-02-14T18:27:03.435281
PSCX,-1.763498053957393,0.2365019460426069,0.0,-2.0,2025-02-14T18:08:43.543321
QBER,-1.87083933903968,0.12916066096031997,0.0,-2.0,2025-02-14T18:10:09.913533
MSTU,-1.8734182288298342,-1.8734182288298342,0.0,0.0,2025-02-14T18:00:30.534377
FBTC,-1.9783497048546195,-1.9783497048546195,0.0,0.0,2025-02-14T17:36:00.654992
BTCW,-2.005188347162087,-2.005188347162087,0.0,0.0,2025-02-14T17:26:44.684470
FCPI,-2.0219729073903716,-0.021972907390371436,8.0,-10.0,2025-02-14T17:36:23.202519
LIAW,-2.0591162424516796,0.9408837575483204,-3.0,0.0,2025-02-14T17:56:59.262945
QLC,-2.173136402442254,0.3268635975577461,0.0,-2.5,2025-02-14T18:11:02.097967
BUFY,-2.244442115044791,1.7555578849552091,6.0,-10.0,2025-02-14T17:27:19.116724
ESGX,-2.5569741056218853,-0.5569741056218852,0.0,-2.0,2025-02-14T17:34:31.102776
QHY,-2.609497405095869,0.390502594904131,0.0,-3.0,2025-02-14T18:10:40.353360
DOCT,-2.666947227163175,0.3330527728368253,0.0,-3.0,2025-02-14T17:31:07.417972
BOCT,-2.6841582289697605,0.31584177103023947,6.0,-9.0,2025-02-14T17:26:07.419362
ETHV,-2.7146850631416655,-2.7146850631416655,6.0,-6.0,2025-02-14T17:34:50.589131
SPMV,-2.7936542198365375,1.2063457801634627,0.0,-4.0,2025-02-14T18:16:49.868675
SMAX,-2.887999032494574,0.11200096750542626,7.0,-10.0,2025-02-14T18:15:32.662089
FFDI,-3.2030367048526522,0.7969632951473479,0.0,-4.0,2025-02-14T17:37:33.913774
WUGI,-3.2682858130012464,0.7317141869987538,0.0,-4.0,2025-02-14T18:24:06.813085
VFQY,-3.273082082852125,0.2269179171478747,0.0,-3.5,2025-02-14T18:21:57.663303
NOVP,-3.4461048648576176,0.5538951351423826,-4.0,0.0,2025-02-14T18:02:40.358608
AOCT,-3.545895492761519,0.45410450723848117,-2.0,-2.0,2025-02-14T17:20:38.449578
BSMC,-3.969980438193115,-0.9699804381931152,7.0,-10.0,2025-02-14T17:26:11.685349
ARKB,-4.007270485831697,-2.0072704858316968,0.0,-2.0,2025-02-14T17:20:59.955569
EVLU,-4.079350685801911,1.9206493141980894,0.0,-6.0,2025-02-14T17:35:03.917618
OILK,-4.093988846964041,-1.0939888469640409,0.0,-3.0,2025-02-14T18:04:33.511658
APOC,-4.2032809481923765,0.7967190518076236,5.0,-10.0,2025-02-14T17:20:37.817404
CETH,-4.318955490949659,-2.3189554909496586,0.0,-2.0,2025-02-14T17:28:28.519544
FOWF,-4.492655564829482,-0.4926555648294816,0.0,-4.0,2025-02-14T17:39:56.633281
TSLT,-4.542361838472058,-2.5423618384720577,0.0,-2.0,2025-02-14T18:19:40.227103
PBJA,-4.5909174165667785,0.40908258343322146,0.0,-5.0,2025-02-14T18:06:23.899570
AZNH,-4.7794135143906455,2.220586485609354,2.0,-9.0,2025-02-14T17:22:13.726242
BBSB,-5.189821587413634,0.8101784125863659,0.0,-6.0,2025-02-14T17:24:46.766815
OUSM,-5.414907458582642,-0.4149074585826426,0.0,-5.0,2025-02-14T18:05:11.818664
UJUN,-5.423433604361806,0.5765663956381942,-3.0,-3.0,2025-02-14T18:20:25.918048
AUGU,-5.919969321450651,0.08003067854934898,0.0,-6.0,2025-02-14T17:22:11.121358
FIBR,-5.975466709995163,1.0245332900048367,0.0,-7.0,2025-02-14T17:38:40.823365
BTCO,-7.010568403760909,-2.0105684037609093,0.0,-5.0,2025-02-14T17:26:30.663903
MARM,-7.156274210635469,0.8437257893645309,0.0,-8.0,2025-02-14T17:58:12.232386
LFAK,-7.454988865826574,0.5450111341734257,-8.0,0.0,2025-02-14T17:55:14.296184
BMAR,-8.10435905567839,0.8956409443216088,-9.0,0.0,2025-02-14T17:25:46.645431
APRP,-8.310775800650573,0.6892241993494267,0.0,-9.0,2025-02-14T17:20:48.002613
QETH,-8.51167469240155,-2.51167469240155,-6.0,0.0,2025-02-14T18:10:26.739609
FFEB,-8.838799315543056,1.1612006844569436,-10.0,0.0,2025-02-14T17:37:42.832086
GLBL,,,8.0,0.0,2025-02-14T17:42:17.033128
HAPR,19.820561762307776,3.8205617623077752,10.0,6.0,2025-02-14T17:43:46.548000
ICSH,17.33820491902759,4.338204919027589,8.0,5.0,2025-02-14T17:47:36.278269
IAGG,14.812712447756368,2.0127124477563667,7.0,5.8,2025-02-14T17:46:10.259532
IZRL,14.014097684526412,1.0140976845264114,6.0,7.0,2025-02-14T17:50:56.283426
IYLD,12.183471907070107,2.183471907070108,10.0,0.0,2025-02-14T17:50:45.534606
HSBH,11.810685072828765,2.8106850728287656,7.0,2.0,2025-02-14T17:45:04.759488
JULQ,11.780813536497398,1.7808135364973972,10.0,0.0,2025-02-14T17:52:54.725264
HYGW,11.763543355792692,1.763543355792691,10.0,0.0,2025-02-14T17:45:38.277329
HJAN,11.37548673946896,4.375486739468959,7.0,0.0,2025-02-14T17:44:44.647404
GFEB,11.319692339006913,1.3196923390069124,10.0,0.0,2025-02-14T17:41:34.336526
IGEB,11.029544180088417,1.0295441800884169,10.0,0.0,2025-02-14T17:48:14.546234
IVVB,10.545726188105334,0.5457261881053335,6.0,4.0,2025-02-14T17:50:27.499635
GSST,10.539384766629466,3.5393847666294658,7.0,0.0,2025-02-14T17:43:32.595498
GMAY,10.44354736095767,0.4435473609576704,10.0,0.0,2025-02-14T17:42:18.622550
IBHE,10.266738081625283,2.2667380816252822,8.0,0.0,2025-02-14T17:46:11.403977
IEDI,10.108871590144172,2.1088715901441732,8.0,0.0,2025-02-14T17:47:46.203744
JNEU,10.090302959425138,0.09030295942513718,10.0,0.0,2025-02-14T17:51:54.736895
GDE,10.011367768519218,2.011367768519219,8.0,0.0,2025-02-14T17:41:03.665807
KJUL,9.879300577063828,-0.12069942293617117,10.0,0.0,2025-02-14T17:53:29.491112
HSRT,9.86218601133969,2.862186011339689,7.0,0.0,2025-02-14T17:45:08.837331
IBMN,9.809087782463454,2.8090877824634544,7.0,0.0,2025-02-14T17:46:45.637561
JBBB,9.668616295163865,2.668616295163865,7.0,0.0,2025-02-14T17:51:37.726049
GVAL,9.587718703828537,2.5877187038285374,7.0,0.0,2025-02-14T17:43:34.460486
JPIB,9.510590801378335,2.510590801378335,7.0,0.0,2025-02-14T17:52:11.846069
ISDB,9.491717971117954,0.9917179711179536,8.5,0.0,2025-02-14T17:49:30.892638
GHMS,9.43699432051829,0.43699432051828924,0.0,9.0,2025-02-14T17:41:31.040298
HYMU,9.341724679808266,2.341724679808265,7.0,0.0,2025-02-14T17:45:53.190180
HJUL,9.035081658260797,2.035081658260798,7.0,0.0,2025-02-14T17:44:52.874771
ISVL,8.959859881078277,1.9598598810782761,7.0,0.0,2025-02-14T17:49:56.821332
JAJL,8.872354309568905,0.8723543095689059,8.0,0.0,2025-02-14T17:51:04.720518
IPAV,8.729025698378043,0.7290256983780431,8.0,0.0,2025-02-14T17:49:05.019671
GSID,8.72822899899796,1.7282289989979602,7.0,0.0,2025-02-14T17:43:23.928330
GHYG,8.687475436731997,0.687475436731998,8.0,0.0,2025-02-14T17:41:45.962869
GDMA,8.447446299780502,0.2474462997805027,8.2,0.0,2025-02-14T17:41:23.793386
GSUS,8.37149256970842,0.37149256970842043,8.0,0.0,2025-02-14T17:43:41.992516
IDUB,8.332396036963743,1.3323960369637433,7.0,0.0,2025-02-14T17:47:45.373904
ICVT,8.240381216980248,1.2403812169802484,7.0,0.0,2025-02-14T17:47:35.625180
JEMA,8.175268746684203,1.1752687466842027,7.0,0.0,2025-02-14T17:51:49.750075
ISPY,8.17504883041638,0.1750488304163788,8.0,0.0,2025-02-14T17:49:39.703462
JULD,8.16763280532691,1.1676328053269103,7.0,0.0,2025-02-14T17:52:13.243167
JUCY,8.124276722811693,2.1242767228116923,6.0,0.0,2025-02-14T17:52:20.344990
IBMO,8.073947048446382,1.0739470484463822,7.0,0.0,2025-02-14T17:46:35.481409
IBHJ,8.069277598185245,0.06927759818524493,8.0,0.0,2025-02-14T17:46:25.860011
IVVW,8.050700681802804,1.050700681802803,7.0,0.0,2025-02-14T17:50:21.213772
HFGO,8.020158855934744,0.020158855934743515,8.0,0.0,2025-02-14T17:44:39.158329
GOVT,8.015841007172453,1.0158410071724524,7.0,0.0,2025-02-14T17:42:54.622411
GMAR,7.925946829472994,0.9259468294729942,7.0,0.0,2025-02-14T17:42:25.246051
ICOW,7.880642585631135,1.8806425856311348,6.0,0.0,2025-02-14T17:47:22.435539
IEFA,7.877939464844337,1.8779394648443373,6.0,0.0,2025-02-14T17:47:58.064325
GPOW,7.814080422838333,1.8140804228383332,6.0,0.0,2025-02-14T17:43:14.654867
GVI,7.807177436957231,0.807177436957231,7.0,0.0,2025-02-14T17:43:52.471052
HAUS,7.74527954610979,1.74527954610979,6.0,0.0,2025-02-14T17:44:02.295898
GEMD,7.714466333319876,0.7144663333198764,7.0,0.0,2025-02-14T17:41:24.864384
JUNM,7.695867035505691,0.6958670355056903,7.0,0.0,2025-02-14T17:53:08.470117
JANH,7.669354388198215,0.6693543881982151,7.0,0.0,2025-02-14T17:51:10.253342
GAPR,7.623608694484165,0.6236086944841652,7.0,0.0,2025-02-14T17:40:52.218347
HYBL,7.610545561905997,0.6105455619059974,7.0,0.0,2025-02-14T17:45:05.793241
GSEP,7.5014045071493936,0.5014045071493939,7.0,0.0,2025-02-14T17:43:23.013005
IBHH,7.420883786041918,0.420883786041918,7.0,0.0,2025-02-14T17:46:26.220910
IVRA,7.419969011480045,0.4199690114800454,7.0,0.0,2025-02-14T17:50:26.605860
JULJ,7.384009987454199,1.3840099874541991,6.0,0.0,2025-02-14T17:52:52.677489
GJAN,7.3315566398849565,0.33155663988495615,0.0,7.0,2025-02-14T17:41:55.332523
FYLD,7.305240703629545,1.305240703629545,6.0,0.0,2025-02-14T17:40:44.358917
IQM,7.296827738034371,-0.7031722619656293,8.0,0.0,2025-02-14T17:49:27.036159
GDEC,7.248842194301655,0.24884219430165616,10.0,-3.0,2025-02-14T17:41:14.544032
JPLD,7.24161864323513,1.2416186432351304,6.0,0.0,2025-02-14T17:52:03.988390
HEEM,7.216501597627384,1.216501597627384,6.0,0.0,2025-02-14T17:44:23.190662
IBMR,7.195813181437062,1.1958131814370625,6.0,0.0,2025-02-14T17:47:08.137831
IBMS,7.174068048322301,1.174068048322301,7.0,-1.0,2025-02-14T17:47:10.543475
IDV,7.061183178591264,2.0611831785912633,7.0,-2.0,2025-02-14T17:47:40.012805
GOVZ,6.932117279766078,0.9321172797660775,6.0,0.0,2025-02-14T17:42:46.232757
JUNP,6.902014106413087,0.9020141064130868,6.0,0.0,2025-02-14T17:53:00.169610
IBHG,6.889079713147073,0.8890797131470727,6.0,0.0,2025-02-14T17:46:20.381310
IBMQ,6.8596630038412645,0.8596630038412648,6.0,0.0,2025-02-14T17:47:01.201812
HOCT,6.701149621426678,0.7011496214266778,6.0,0.0,2025-02-14T17:44:41.254151
JULP,6.656831702481505,0.6568317024815052,6.0,0.0,2025-02-14T17:52:58.592438
KAPR,6.552325174711131,-0.44767482528886904,7.0,0.0,2025-02-14T17:53:05.399367
JANP,6.5423612171763015,0.5423612171763018,6.0,0.0,2025-02-14T17:51:40.662575
KJAN,6.434100410746498,-0.5658995892535017,7.0,0.0,2025-02-14T17:53:20.647602
GOOX,6.008612643302569,-1.491387356697431,7.5,0.0,2025-02-14T17:42:42.287429
KNG,5.9723782769063005,-0.027621723093699303,8.0,-2.0,2025-02-14T17:53:51.135731
IGE,5.770475983739949,-0.22952401626005073,0.0,6.0,2025-02-14T17:48:33.975534
GROZ,5.754514605366204,-0.24548539463379626,6.0,0.0,2025-02-14T17:43:15.287640
GAA,5.684572086359082,0.684572086359082,5.0,0.0,2025-02-14T17:40:51.373043
IMFL,5.6675512896785225,1.6675512896785223,7.0,-3.0,2025-02-14T17:48:55.573409
ITWO,5.606873665158486,-0.3931263348415144,6.0,0.0,2025-02-14T17:50:20.026789
IGHG,5.468816344412149,-0.5311836555878507,6.0,0.0,2025-02-14T17:48:31.633444
GCLN,4.791565428959276,-3.2084345710407236,8.0,0.0,2025-02-14T17:41:01.637364
JCPI,3.6030682552544064,1.6030682552544064,2.0,0.0,2025-02-14T17:52:01.189461
GTIP,3.4936663994616013,1.4936663994616013,0.0,2.0,2025-02-14T17:43:40.844355
IVVM,3.293236364534294,0.593236364534294,2.7,0.0,2025-02-14T17:50:21.096091
GDMN,3.2221803745015025,3.2221803745015025,0.0,0.0,2025-02-14T17:41:24.347860
GARP,3.1106684057308165,0.1106684057308172,8.0,-5.0,2025-02-14T17:41:06.154936
IYJ,3.1059569608673447,-0.8940430391326551,4.0,0.0,2025-02-14T17:50:47.139702
HYIN,2.888135471739467,1.8881354717394672,7.0,-6.0,2025-02-14T17:45:55.430145
GOCT,2.886579593159985,0.38657959315998486,2.5,0.0,2025-02-14T17:42:30.233009
JAND,2.7825274693379995,2.7825274693379995,0.0,0.0,2025-02-14T17:51:05.744611
ICLO,2.6763215671485803,2.6763215671485803,0.0,0.0,2025-02-14T17:47:22.116086
HYD,2.664266503491004,0.6642665034910038,2.0,0.0,2025-02-14T17:45:23.121890
JANQ,2.623632959933271,2.623632959933271,0.0,0.0,2025-02-14T17:51:33.222287
ITB,2.5469729639909864,-1.4530270360090136,4.0,0.0,2025-02-14T17:50:05.501399
GLOV,2.4192688542538665,1.919268854253866,6.5,-6.0,2025-02-14T17:42:29.257238
IDVZ,2.3791573429471313,2.3791573429471313,0.0,0.0,2025-02-14T17:47:50.182986
IGLD,2.342949786395871,2.342949786395871,0.0,0.0,2025-02-14T17:48:33.145916
GOLY,2.297439225991421,2.297439225991421,0.0,0.0,2025-02-14T17:42:31.903406
GCOW,2.0849408815295876,2.0849408815295876,0.0,0.0,2025-02-14T17:41:02.620135
HEFA,2.067252199072506,2.067252199072506,0.0,0.0,2025-02-14T17:44:24.086618
IQDG,1.8609516026200439,1.8609516026200439,0.0,0.0,2025-02-14T17:49:28.753799
HEAT,1.8531446659488366,-0.6468553340511634,2.5,0.0,2025-02-14T17:44:22.073028
HSUN,1.712648428514089,1.712648428514089,0.0,0.0,2025-02-14T17:45:02.898707
IBMP,1.6023234055092543,1.6023234055092543,0.0,0.0,2025-02-14T17:46:46.753295
JULH,1.5485083144917113,1.5485083144917113,0.0,0.0,2025-02-14T17:52:30.905506
JMST,1.5304374909897405,1.5304374909897405,0.0,0.0,2025-02-14T17:52:01.019234
ITM,1.413635641116437,1.413635641116437,0.0,0.0,2025-02-14T17:50:19.936299
INTL,1.3877004407197533,1.3877004407197533,0.0,0.0,2025-02-14T17:48:57.622662
IEO,1.2001504213563994,-0.7998495786436003,6.0,-4.0,2025-02-14T17:48:07.567939
HCRB,1.1738567126858093,1.1738567126858093,0.0,0.0,2025-02-14T17:44:03.275539
IGV,1.114456488110075,1.114456488110075,0.0,0.0,2025-02-14T17:48:51.048727
GSEE,1.0545655151831481,1.0545655151831481,0.0,0.0,2025-02-14T17:43:18.962992
HYKE,0.9154840753799377,0.9154840753799377,0.0,0.0,2025-02-14T17:45:54.183875
GUNZ,0.8176063413748509,0.8176063413748509,0.0,0.0,2025-02-14T17:43:33.543849
HYXU,0.7709663471965676,0.7709663471965676,0.0,0.0,2025-02-14T17:46:00.351117
JULM,0.684461827729661,0.684461827729661,0.0,0.0,2025-02-14T17:52:48.826628
HYDB,0.656956066824506,0.656956066824506,0.0,0.0,2025-02-14T17:45:24.040598
GJUN,0.43898996351212033,0.43898996351212033,0.0,0.0,2025-02-14T17:42:09.838947
GJUL,0.43830446042310883,0.43830446042310883,0.0,0.0,2025-02-14T17:41:59.738244
IETC,0.31542754995688965,0.31542754995688965,0.0,0.0,2025-02-14T17:48:13.416476
HYHG,0.3044586556421059,0.3044586556421059,0.0,0.0,2025-02-14T17:45:40.153734
GNOV,0.23269238219640515,0.23269238219640515,0.0,0.0,2025-02-14T17:42:26.414009
JULZ,0.13111229625328774,0.13111229625328774,0.0,0.0,2025-02-14T17:52:59.166842
JUNZ,0.12641497667981624,0.12641497667981624,0.0,0.0,2025-02-14T17:53:03.488572
JULU,0.09131729969577833,0.09131729969577833,0.0,0.0,2025-02-14T17:53:05.451022
IYZ,0.045536084499271115,0.045536084499271115,0.0,0.0,2025-02-14T17:50:52.548147
IBHI,0.016140158520022395,0.016140158520022395,0.0,0.0,2025-02-14T17:46:17.097510
HEGD,0.012983575608181041,0.012983575608181041,0.0,0.0,2025-02-14T17:44:36.039541
IPPP,0.0040381326557412224,0.0040381326557412224,0.0,0.0,2025-02-14T17:49:21.527324
KHPI,-0.024123754033514896,-0.024123754033514896,0.0,0.0,2025-02-14T17:53:20.841769
IWMI,-0.12805415930359274,-0.12805415930359274,0.0,0.0,2025-02-14T17:50:36.535618
ITA,-0.2673497668585867,-0.2673497668585867,0.0,0.0,2025-02-14T17:49:52.519007
KNOV,-0.2740760233332743,-0.2740760233332743,0.0,0.0,2025-02-14T17:53:50.268080
GSEW,-0.2845005289054775,-0.2845005289054775,0.0,0.0,2025-02-14T17:43:29.737395
KDEC,-0.3117886818604525,-0.3117886818604525,0.0,0.0,2025-02-14T17:53:19.604369
KAUG,-0.4245272442396981,-0.4245272442396981,0.0,0.0,2025-02-14T17:53:04.474177
INDA,-0.42886646617437024,-0.42886646617437024,0.0,0.0,2025-02-14T17:49:04.877381
HIYS,-0.45461199117881534,-0.45461199117881534,0.0,0.0,2025-02-14T17:44:48.025356
HELX,-0.5795144400630591,-0.5795144400630591,0.0,0.0,2025-02-14T17:44:43.601304
IFRA,-0.7703791349322707,-0.7703791349322707,0.0,0.0,2025-02-14T17:48:08.960902
GHTA,-0.7787609525580148,1.721239047441985,-8.0,5.5,2025-02-14T17:41:33.149654
IGRO,-0.7926578642443802,1.2073421357556198,-2.0,0.0,2025-02-14T17:48:49.024136
IBHF,-0.8203965685284018,1.1796034314715982,-2.0,0.0,2025-02-14T17:46:06.230458
JCPB,-0.8518767779980478,1.1481232220019522,0.0,-2.0,2025-02-14T17:51:53.703185
JMUB,-1.0734200209097324,0.9265799790902676,0.0,-2.0,2025-02-14T17:52:00.875080
GAUG,-1.3631445318229591,0.6368554681770412,8.0,-10.0,2025-02-14T17:41:17.281798
IPDP,-1.8452242732554793,0.15477572674452061,0.0,-2.0,2025-02-14T17:49:15.547307
IYT,-1.8731103640527316,0.12688963594726843,-2.0,0.0,2025-02-14T17:50:47.993804
HODL,-1.998695029292597,-1.998695029292597,0.0,0.0,2025-02-14T17:45:01.988895
IMSI,-2.6261086332055568,1.373891366794443,-4.0,0.0,2025-02-14T17:49:06.496854
IBHK,-3.2662946961384605,0.7337053038615394,0.0,-4.0,2025-02-14T17:46:38.967370
IWMW,-3.4888703539891113,0.511129646010889,6.0,-10.0,2025-02-14T17:50:37.192649
JANZ,-4.915102708796464,0.08489729120353573,-5.0,0.0,2025-02-14T17:51:48.602025
JANJ,-7.273405619311293,0.7265943806887065,-4.0,-4.0,2025-02-14T17:51:36.756175
GOOP,-8.250016200036017,-1.2500162000360169,-7.0,0.0,2025-02-14T17:42:32.750067
GMOM,-9.64277652701211,0.35722347298789076,0.0,-10.0,2025-02-14T17:42:29.931471
PSCW,-9.646825365523693,0.35317463447630787,0.0,-10.0,2025-02-14T18:08:34.598997
NOBL,-9.962096766733142,0.03790323326685794,-10.0,0.0,2025-02-14T18:02:10.201860
QSIG,-10.281365886260541,0.7186341137394592,-5.0,-6.0,2025-02-14T18:11:33.006991
LIAM,-11.082167595636625,0.9178324043633751,-3.0,-9.0,2025-02-14T17:56:46.924265
CALF,-12.071497624999168,-2.071497624999168,0.0,-10.0,2025-02-14T17:28:06.519789
LFAZ,-12.940752818116032,1.0592471818839677,-10.0,-4.0,2025-02-14T17:55:44.289304
